time,leftArm_upperArmRotation_x,leftArm_upperArmRotation_y,leftArm_upperArmRotation_z,leftArm_lowerArmRotation_x,leftArm_lowerArmRotation_y,leftArm_lowerArmRotation_z,leftArm_handRotation_x,leftArm_handRotation_y,leftArm_handRotation_z,rightArm_upperArmRotation_x,rightArm_upperArmRotation_y,rightArm_upperArmRotation_z,rightArm_lowerArmRotation_x,rightArm_lowerArmRotation_y,rightArm_lowerArmRotation_z,rightArm_handRotation_x,rightArm_handRotation_y,rightArm_handRotation_z
0.004649301,301.9823,282.4915,43.15641,12.77126,65.80667,293.3396,270,90.00001,0,301.9822,77.5085,316.8435,12.77127,294.1934,66.66045,270,270,0
0.01130359,301.9823,282.4915,43.15641,12.77126,65.80667,293.3396,270,90.00001,0,301.9822,77.50851,316.8435,12.77127,294.1933,66.66043,270,270,0
0.01808076,301.9823,282.4915,43.15641,12.77126,65.80667,293.3396,270,90.00001,0,301.9822,77.50855,316.8435,12.77125,294.1934,66.66043,270,270,0
0.02518254,301.9823,282.4915,43.15641,12.77126,65.80667,293.3396,270,90.00001,0,301.9822,77.5085,316.8435,12.77127,294.1934,66.66045,270,270,0
0.03261303,301.9823,282.4915,43.15641,12.77126,65.80667,293.3396,270,90.00001,0,301.9822,77.50851,316.8435,12.77127,294.1933,66.66043,270,270,0
0.04035788,301.9823,282.4915,43.15641,12.77126,65.80667,293.3396,270,90.00001,0,301.9822,77.50855,316.8435,12.77125,294.1934,66.66043,270,270,0
0.04715246,301.9823,282.4915,43.15641,12.77126,65.80667,293.3396,270,90.00001,0,301.9822,77.5085,316.8435,12.77127,294.1934,66.66045,270,270,0
0.05466998,301.9823,282.4915,43.15641,12.77126,65.80667,293.3396,270,90.00001,0,301.9822,77.50851,316.8435,12.77127,294.1933,66.66043,270,270,0
0.06183798,301.9823,282.4915,43.15641,12.77126,65.80667,293.3396,270,90.00001,0,301.9822,77.50855,316.8435,12.77125,294.1934,66.66043,270,270,0
0.06914115,301.9823,282.4915,43.15641,12.77126,65.80667,293.3396,270,90.00001,0,301.9822,77.5085,316.8435,12.77127,294.1934,66.66045,270,270,0
0.07532576,301.9823,282.4915,43.15641,12.77126,65.80667,293.3396,270,90.00001,0,301.9822,77.50851,316.8435,12.77127,294.1933,66.66043,270,270,0
0.0825907,301.9823,282.4915,43.15641,12.77126,65.80667,293.3396,270,90.00001,0,301.9822,77.50855,316.8435,12.77125,294.1934,66.66043,270,270,0
0.08891219,301.9823,282.4915,43.15641,12.77126,65.80667,293.3396,270,90.00001,0,301.9822,77.5085,316.8435,12.77127,294.1934,66.66045,270,270,0
0.09608258,301.9823,282.4915,43.15641,12.77126,65.80667,293.3396,270,90.00001,0,301.9822,77.50851,316.8435,12.77127,294.1933,66.66043,270,270,0
0.1035056,301.9823,282.4915,43.15641,12.77126,65.80667,293.3396,270,90.00001,0,301.9822,77.50855,316.8435,12.77125,294.1934,66.66043,270,270,0
0.1105483,301.9823,282.4915,43.15641,12.77126,65.80667,293.3396,270,90.00001,0,301.9822,77.5085,316.8435,12.77127,294.1934,66.66045,270,270,0
0.1175733,301.9823,282.4915,43.15641,12.77126,65.80667,293.3396,270,90.00001,0,301.9822,77.50851,316.8435,12.77127,294.1933,66.66043,270,270,0
0.1239948,301.9823,282.4915,43.15641,12.77126,65.80667,293.3396,270,90.00001,0,301.9822,77.50855,316.8435,12.77125,294.1934,66.66043,270,270,0
0.130947,301.9823,282.4915,43.15641,12.77126,65.80667,293.3396,270,90.00001,0,301.9822,77.5085,316.8435,12.77127,294.1934,66.66045,270,270,0
0.1374242,301.9823,282.4915,43.15641,12.77126,65.80667,293.3396,270,90.00001,0,301.9822,77.50851,316.8435,12.77127,294.1933,66.66043,270,270,0
0.1445922,301.9823,282.4915,43.15641,12.77126,65.80667,293.3396,270,90.00001,0,301.9822,77.50855,316.8435,12.77125,294.1934,66.66043,270,270,0
0.1515823,301.9823,282.4915,43.15641,12.77126,65.80667,293.3396,270,90.00001,0,301.9822,77.5085,316.8435,12.77127,294.1934,66.66045,270,270,0
0.1584841,301.9823,282.4915,43.15641,12.77126,65.80667,293.3396,270,90.00001,0,301.9822,77.50851,316.8435,12.77127,294.1933,66.66043,270,270,0
0.1651804,301.9823,282.4915,43.15641,12.77126,65.80667,293.3396,270,90.00001,0,301.9822,77.50855,316.8435,12.77125,294.1934,66.66043,270,270,0
0.1721866,301.9823,282.4915,43.15641,12.77126,65.80667,293.3396,270,90.00001,0,301.9822,77.5085,316.8435,12.77127,294.1934,66.66045,270,270,0
0.1792553,301.9823,282.4915,43.15641,12.77126,65.80667,293.3396,270,90.00001,0,301.9822,77.50851,316.8435,12.77127,294.1933,66.66043,270,270,0
0.1864591,301.9823,282.4915,43.15641,12.77126,65.80667,293.3396,270,90.00001,0,301.9822,77.50855,316.8435,12.77125,294.1934,66.66043,270,270,0
0.1910941,301.9823,282.4915,43.15641,12.77126,65.80667,293.3396,270,90.00001,0,301.9822,77.5085,316.8435,12.77127,294.1934,66.66045,270,270,0
0.1951399,301.9823,282.4915,43.15641,12.77126,65.80667,293.3396,270,90.00001,0,301.9822,77.50851,316.8435,12.77127,294.1933,66.66043,270,270,0
0.2022901,301.9823,282.4915,43.15641,12.77126,65.80667,293.3396,270,90.00001,0,301.9822,77.50855,316.8435,12.77125,294.1934,66.66043,270,270,0
0.2093281,301.9823,282.4915,43.15641,12.77126,65.80667,293.3396,270,90.00001,0,301.9822,77.5085,316.8435,12.77127,294.1934,66.66045,270,270,0
0.2158011,301.9823,282.4915,43.15641,12.77126,65.80667,293.3396,270,90.00001,0,301.9822,77.50851,316.8435,12.77127,294.1933,66.66043,270,270,0
0.2225466,301.9823,282.4915,43.15641,12.77126,65.80667,293.3396,270,90.00001,0,301.9822,77.50855,316.8435,12.77125,294.1934,66.66043,270,270,0
0.2299897,301.9823,282.4915,43.15641,12.77126,65.80667,293.3396,270,90.00001,0,301.9822,77.5085,316.8435,12.77127,294.1934,66.66045,270,270,0
0.2368867,301.9823,282.4915,43.15641,12.77126,65.80667,293.3396,270,90.00001,0,301.9822,77.50851,316.8435,12.77127,294.1933,66.66043,270,270,0
0.2434901,301.9823,282.4915,43.15641,12.77126,65.80667,293.3396,270,90.00001,0,301.9822,77.50855,316.8435,12.77125,294.1934,66.66043,270,270,0
0.2505236,301.9823,282.4915,43.15641,12.77126,65.80667,293.3396,270,90.00001,0,301.9822,77.5085,316.8435,12.77127,294.1934,66.66045,270,270,0
0.2570451,301.9823,282.4915,43.15641,12.77126,65.80667,293.3396,270,90.00001,0,301.9822,77.50851,316.8435,12.77127,294.1933,66.66043,270,270,0
0.2639138,301.9823,282.4915,43.15641,12.77126,65.80667,293.3396,270,90.00001,0,301.9822,77.50855,316.8435,12.77125,294.1934,66.66043,270,270,0
0.2709125,301.9823,282.4915,43.15641,12.77126,65.80667,293.3396,270,90.00001,0,301.9822,77.5085,316.8435,12.77127,294.1934,66.66045,270,270,0
0.2779555,301.9823,282.4915,43.15641,12.77126,65.80667,293.3396,270,90.00001,0,301.9822,77.50851,316.8435,12.77127,294.1933,66.66043,270,270,0
0.2846545,301.9823,282.4915,43.15641,12.77126,65.80667,293.3396,270,90.00001,0,301.9822,77.50855,316.8435,12.77125,294.1934,66.66043,270,270,0
0.2919956,301.9823,282.4915,43.15641,12.77126,65.80667,293.3396,270,90.00001,0,301.9822,77.5085,316.8435,12.77127,294.1934,66.66045,270,270,0
0.2989427,301.9823,282.4915,43.15641,12.77126,65.80667,293.3396,270,90.00001,0,301.9822,77.50851,316.8435,12.77127,294.1933,66.66043,270,270,0
0.3054595,301.9823,282.4915,43.15641,12.77126,65.80667,293.3396,270,90.00001,0,301.9822,77.50855,316.8435,12.77125,294.1934,66.66043,270,270,0
0.3125449,301.9823,282.4915,43.15641,12.77126,65.80667,293.3396,270,90.00001,0,301.9822,77.5085,316.8435,12.77127,294.1934,66.66045,270,270,0
0.3197903,301.9823,282.4915,43.15641,12.77126,65.80667,293.3396,270,90.00001,0,301.9822,77.50851,316.8435,12.77127,294.1933,66.66043,270,270,0
0.3265429,301.9823,282.4915,43.15641,12.77126,65.80667,293.3396,270,90.00001,0,301.9822,77.50855,316.8435,12.77125,294.1934,66.66043,270,270,0
0.3333979,301.9823,282.4915,43.15641,12.77126,65.80667,293.3396,270,90.00001,0,301.9822,77.5085,316.8435,12.77127,294.1934,66.66045,270,270,0
0.3399659,301.9823,282.4915,43.15641,12.77126,65.80667,293.3396,270,90.00001,0,301.9822,77.50851,316.8435,12.77127,294.1933,66.66043,270,270,0
0.3473219,301.9823,282.4915,43.15641,12.77126,65.80667,293.3396,270,90.00001,0,301.9822,77.50855,316.8435,12.77125,294.1934,66.66043,270,270,0
0.3510926,301.9823,282.4915,43.15641,12.77126,65.80667,293.3396,270,90.00001,0,301.9822,77.5085,316.8435,12.77127,294.1934,66.66045,270,270,0
0.3586423,301.9823,282.4915,43.15641,12.77126,65.80667,293.3396,270,90.00001,0,301.9822,77.50851,316.8435,12.77127,294.1933,66.66043,270,270,0
0.3657085,301.9823,282.4915,43.15641,12.77126,65.80667,293.3396,270,90.00001,0,301.9822,77.50855,316.8435,12.77125,294.1934,66.66043,270,270,0
0.3726291,301.9823,282.4915,43.15641,12.77126,65.80667,293.3396,270,90.00001,0,301.9822,77.5085,316.8435,12.77127,294.1934,66.66045,270,270,0
0.3796459,301.9823,282.4915,43.15641,12.77126,65.80667,293.3396,270,90.00001,0,301.9822,77.50851,316.8435,12.77127,294.1933,66.66043,270,270,0
0.3862165,301.9823,282.4915,43.15641,12.77126,65.80667,293.3396,270,90.00001,0,301.9822,77.50855,316.8435,12.77125,294.1934,66.66043,270,270,0
0.3932511,301.9823,282.4915,43.15641,12.77126,65.80667,293.3396,270,90.00001,0,301.9822,77.5085,316.8435,12.77127,294.1934,66.66045,270,270,0
0.4000607,301.9823,282.4915,43.15641,12.77126,65.80667,293.3396,270,90.00001,0,301.9822,77.50851,316.8435,12.77127,294.1933,66.66043,270,270,0
0.4072737,301.9823,282.4915,43.15641,12.77126,65.80667,293.3396,270,90.00001,0,301.9822,77.50855,316.8435,12.77125,294.1934,66.66043,270,270,0
0.4143308,301.9823,282.4915,43.15641,12.77126,65.80667,293.3396,270,90.00001,0,301.9822,77.5085,316.8435,12.77127,294.1934,66.66045,270,270,0
0.4212714,301.9823,282.4915,43.15641,12.77126,65.80667,293.3396,270,90.00001,0,301.9822,77.50851,316.8435,12.77127,294.1933,66.66043,270,270,0
0.4281691,301.9823,282.4915,43.15641,12.77126,65.80667,293.3396,270,90.00001,0,301.9822,77.50855,316.8435,12.77125,294.1934,66.66043,270,270,0
0.4352436,301.9823,282.4915,43.15641,12.77126,65.80667,293.3396,270,90.00001,0,301.9822,77.5085,316.8435,12.77127,294.1934,66.66045,270,270,0
0.4418119,301.9823,282.4915,43.15641,12.77126,65.80667,293.3396,270,90.00001,0,301.9822,77.50851,316.8435,12.77127,294.1933,66.66043,270,270,0
0.4488232,301.9823,282.4915,43.15641,12.77126,65.80667,293.3396,270,90.00001,0,301.9822,77.50855,316.8435,12.77125,294.1934,66.66043,270,270,0
0.4558185,301.9823,282.4915,43.15641,12.77126,65.80667,293.3396,270,90.00001,0,301.9822,77.5085,316.8435,12.77127,294.1934,66.66045,270,270,0
0.462723,301.9823,282.4915,43.15641,12.77126,65.80667,293.3396,270,90.00001,0,301.9822,77.50851,316.8435,12.77127,294.1933,66.66043,270,270,0
0.4666186,301.9823,282.4915,43.15641,12.77126,65.80667,293.3396,270,90.00001,0,301.9822,77.50855,316.8435,12.77125,294.1934,66.66043,270,270,0
0.4740692,301.9823,282.4915,43.15641,12.77126,65.80667,293.3396,270,90.00001,0,301.9822,77.5085,316.8435,12.77127,294.1934,66.66045,270,270,0
0.4809464,301.9823,282.4915,43.15641,12.77126,65.80667,293.3396,270,90.00001,0,301.9822,77.50851,316.8435,12.77127,294.1933,66.66043,270,270,0
0.4880007,301.9823,282.4915,43.15641,12.77126,65.80667,293.3396,270,90.00001,0,301.9822,77.50855,316.8435,12.77125,294.1934,66.66043,270,270,0
0.4950366,301.9823,282.4915,43.15641,12.77126,65.80667,293.3396,270,90.00001,0,301.9822,77.5085,316.8435,12.77127,294.1934,66.66045,270,270,0
0.5016964,301.9823,282.4915,43.15641,12.77126,65.80667,293.3396,270,90.00001,0,301.9822,77.50851,316.8435,12.77127,294.1933,66.66043,270,270,0
0.508592,301.9823,282.4915,43.15641,12.77126,65.80667,293.3396,270,90.00001,0,301.9822,77.50855,316.8435,12.77125,294.1934,66.66043,270,270,0
0.5156351,301.9823,282.4915,43.15641,12.77126,65.80667,293.3396,270,90.00001,0,301.9822,77.5085,316.8435,12.77127,294.1934,66.66045,270,270,0
0.5221918,301.9823,282.4915,43.15641,12.77126,65.80667,293.3396,270,90.00001,0,301.9822,77.50851,316.8435,12.77127,294.1933,66.66043,270,270,0
0.5291649,301.9823,282.4915,43.15641,12.77126,65.80667,293.3396,270,90.00001,0,301.9822,77.50855,316.8435,12.77125,294.1934,66.66043,270,270,0
0.5356993,301.9823,282.4915,43.15641,12.77126,65.80667,293.3396,270,90.00001,0,301.9822,77.5085,316.8435,12.77127,294.1934,66.66045,270,270,0
0.5432162,301.9823,282.4915,43.15641,12.77126,65.80667,293.3396,270,90.00001,0,301.9822,77.50851,316.8435,12.77127,294.1933,66.66043,270,270,0
0.5503869,301.9823,282.4915,43.15641,12.77126,65.80667,293.3396,270,90.00001,0,301.9822,77.50855,316.8435,12.77125,294.1934,66.66043,270,270,0
0.5574495,301.9823,282.4915,43.15641,12.77126,65.80667,293.3396,270,90.00001,0,301.9822,77.5085,316.8435,12.77127,294.1934,66.66045,270,270,0
0.5643379,301.9823,282.4915,43.15641,12.77126,65.80667,293.3396,270,90.00001,0,301.9822,77.50851,316.8435,12.77127,294.1933,66.66043,270,270,0
0.5710099,301.9823,282.4915,43.15641,12.77126,65.80667,293.3396,270,90.00001,0,301.9822,77.50855,316.8435,12.77125,294.1934,66.66043,270,270,0
0.577896,301.9823,282.4915,43.15641,12.77126,65.80667,293.3396,270,90.00001,0,301.9822,77.5085,316.8435,12.77127,294.1934,66.66045,270,270,0
0.5845322,301.9823,282.4915,43.15641,12.77126,65.80667,293.3396,270,90.00001,0,301.9822,77.50851,316.8435,12.77127,294.1933,66.66043,270,270,0
0.5919811,301.9823,282.4915,43.15641,12.77126,65.80667,293.3396,270,90.00001,0,301.9822,77.50855,316.8435,12.77125,294.1934,66.66043,270,270,0
0.5988627,301.9823,282.4915,43.15641,12.77126,65.80667,293.3396,270,90.00001,0,301.9822,77.5085,316.8435,12.77127,294.1934,66.66045,270,270,0
0.6050326,301.9823,282.4915,43.15641,12.77126,65.80667,293.3396,270,90.00001,0,301.9822,77.50851,316.8435,12.77127,294.1933,66.66043,270,270,0
0.6126665,301.9823,282.4915,43.15641,12.77126,65.80667,293.3396,270,90.00001,0,301.9822,77.50855,316.8435,12.77125,294.1934,66.66043,270,270,0
0.619998,301.9823,282.4915,43.15641,12.77126,65.80667,293.3396,270,90.00001,0,301.9822,77.5085,316.8435,12.77127,294.1934,66.66045,270,270,0
0.6271063,301.9823,282.4915,43.15641,12.77126,65.80667,293.3396,270,90.00001,0,301.9822,77.50851,316.8435,12.77127,294.1933,66.66043,270,270,0
0.631004,301.9823,282.4915,43.15641,12.77126,65.80667,293.3396,270,90.00001,0,301.9822,77.50855,316.8435,12.77125,294.1934,66.66043,270,270,0
0.6380938,301.9823,282.4915,43.15641,12.77126,65.80667,293.3396,270,90.00001,0,301.9822,77.5085,316.8435,12.77127,294.1934,66.66045,270,270,0
0.645055,301.9823,282.4915,43.15641,12.77126,65.80667,293.3396,270,90.00001,0,301.9822,77.50851,316.8435,12.77127,294.1933,66.66043,270,270,0
0.6490476,301.9823,282.4915,43.15641,12.77126,65.80667,293.3396,270,90.00001,0,301.9822,77.50855,316.8435,12.77125,294.1934,66.66043,270,270,0
0.6564422,301.9823,282.4915,43.15641,12.77126,65.80667,293.3396,270,90.00001,0,301.9822,77.5085,316.8435,12.77127,294.1934,66.66045,270,270,0
0.6601805,301.9823,282.4915,43.15641,12.77126,65.80667,293.3396,270,90.00001,0,301.9822,77.50851,316.8435,12.77127,294.1933,66.66043,270,270,0
0.6664979,301.9823,282.4915,43.15641,12.77126,65.80667,293.3396,270,90.00001,0,301.9822,77.50855,316.8435,12.77125,294.1934,66.66043,270,270,0
0.6727828,301.9823,282.4915,43.15641,12.77126,65.80667,293.3396,270,90.00001,0,301.9822,77.5085,316.8435,12.77127,294.1934,66.66045,270,270,0
0.6792866,301.9823,282.4915,43.15641,12.77126,65.80667,293.3396,270,90.00001,0,301.9822,77.50851,316.8435,12.77127,294.1933,66.66043,270,270,0
0.6866461,301.9823,282.4915,43.15641,12.77126,65.80667,293.3396,270,90.00001,0,301.9822,77.50855,316.8435,12.77125,294.1934,66.66043,270,270,0
0.6935776,301.9823,282.4915,43.15641,12.77126,65.80667,293.3396,270,90.00001,0,301.9822,77.5085,316.8435,12.77127,294.1934,66.66045,270,270,0
0.6975565,301.9823,282.4915,43.15641,12.77126,65.80667,293.3396,270,90.00001,0,301.9822,77.50851,316.8435,12.77127,294.1933,66.66043,270,270,0
0.7046494,301.9823,282.4915,43.15641,12.77126,65.80667,293.3396,270,90.00001,0,301.9822,77.50855,316.8435,12.77125,294.1934,66.66043,270,270,0
0.7091359,301.9823,282.4915,43.15641,12.77126,65.80667,293.3396,270,90.00001,0,301.9822,77.5085,316.8435,12.77127,294.1934,66.66045,270,270,0
0.716194,301.9823,282.4915,43.15641,12.77126,65.80667,293.3396,270,90.00001,0,301.9822,77.50851,316.8435,12.77127,294.1933,66.66043,270,270,0
0.7204726,301.9823,282.4915,43.15641,12.77126,65.80667,293.3396,270,90.00001,0,301.9822,77.50855,316.8435,12.77125,294.1934,66.66043,270,270,0
0.7282628,301.9823,282.4915,43.15641,12.77126,65.80667,293.3396,270,90.00001,0,301.9822,77.5085,316.8435,12.77127,294.1934,66.66045,270,270,0
0.7353875,301.9823,282.4915,43.15641,12.77126,65.80667,293.3396,270,90.00001,0,301.9822,77.50851,316.8435,12.77127,294.1933,66.66043,270,270,0
0.7424015,301.9823,282.4915,43.15641,12.77126,65.80667,293.3396,270,90.00001,0,301.9822,77.50855,316.8435,12.77125,294.1934,66.66043,270,270,0
0.7462603,301.9823,282.4915,43.15641,12.77126,65.80667,293.3396,270,90.00001,0,301.9822,77.5085,316.8435,12.77127,294.1934,66.66045,270,270,0
0.7527425,301.9823,282.4915,43.15641,12.77126,65.80667,293.3396,270,90.00001,0,301.9822,77.50851,316.8435,12.77127,294.1933,66.66043,270,270,0
0.7595139,301.9823,282.4915,43.15641,12.77126,65.80667,293.3396,270,90.00001,0,301.9822,77.50855,316.8435,12.77125,294.1934,66.66043,270,270,0
0.7660713,301.9823,282.4915,43.15641,12.77126,65.80667,293.3396,270,90.00001,0,301.9822,77.5085,316.8435,12.77127,294.1934,66.66045,270,270,0
0.7730577,301.9823,282.4915,43.15641,12.77126,65.80667,293.3396,270,90.00001,0,301.9822,77.50851,316.8435,12.77127,294.1933,66.66043,270,270,0
0.7802575,301.9823,282.4915,43.15641,12.77126,65.80667,293.3396,270,90.00001,0,301.9822,77.50855,316.8435,12.77125,294.1934,66.66043,270,270,0
0.7871456,301.9823,282.4915,43.15641,12.77126,65.80667,293.3396,270,90.00001,0,301.9822,77.5085,316.8435,12.77127,294.1934,66.66045,270,270,0
0.7912098,301.9823,282.4915,43.15641,12.77126,65.80667,293.3396,270,90.00001,0,301.9822,77.50851,316.8435,12.77127,294.1933,66.66043,270,270,0
0.7991694,301.9823,282.4915,43.15641,12.77126,65.80667,293.3396,270,90.00001,0,301.9822,77.50855,316.8435,12.77125,294.1934,66.66043,270,270,0
0.8064285,301.9823,282.4915,43.15641,12.77126,65.80667,293.3396,270,90.00001,0,301.9822,77.5085,316.8435,12.77127,294.1934,66.66045,270,270,0
0.8133138,301.9823,282.4915,43.15641,12.77126,65.80667,293.3396,270,90.00001,0,301.9822,77.50851,316.8435,12.77127,294.1933,66.66043,270,270,0
0.8201019,301.9823,282.4915,43.15641,12.77126,65.80667,293.3396,270,90.00001,0,301.9822,77.50855,316.8435,12.77125,294.1934,66.66043,270,270,0
0.8269235,301.9823,282.4915,43.15641,12.77126,65.80667,293.3396,270,90.00001,0,301.9822,77.5085,316.8435,12.77127,294.1934,66.66045,270,270,0
0.8340335,301.9823,282.4915,43.15641,12.77126,65.80667,293.3396,270,90.00001,0,301.9822,77.50851,316.8435,12.77127,294.1933,66.66043,270,270,0
0.8410605,301.9823,282.4915,43.15641,12.77126,65.80667,293.3396,270,90.00001,0,301.9822,77.50855,316.8435,12.77125,294.1934,66.66043,270,270,0
0.8481077,301.9823,282.4915,43.15641,12.77126,65.80667,293.3396,270,90.00001,0,301.9822,77.5085,316.8435,12.77127,294.1934,66.66045,270,270,0
0.8520538,301.9823,282.4915,43.15641,12.77126,65.80667,293.3396,270,90.00001,0,301.9822,77.50851,316.8435,12.77127,294.1933,66.66043,270,270,0
0.8590361,301.9823,282.4915,43.15641,12.77126,65.80667,293.3396,270,90.00001,0,301.9822,77.50855,316.8435,12.77125,294.1934,66.66043,270,270,0
0.8655624,301.9823,282.4915,43.15641,12.77126,65.80667,293.3396,270,90.00001,0,301.9822,77.5085,316.8435,12.77127,294.1934,66.66045,270,270,0
0.8720747,301.9823,282.4915,43.15641,12.77126,65.80667,293.3396,270,90.00001,0,301.9822,77.50851,316.8435,12.77127,294.1933,66.66043,270,270,0
0.8785819,301.9823,282.4915,43.15641,12.77126,65.80667,293.3396,270,90.00001,0,301.9822,77.50855,316.8435,12.77125,294.1934,66.66043,270,270,0
0.8861895,301.9823,282.4915,43.15641,12.77126,65.80667,293.3396,270,90.00001,0,301.9822,77.5085,316.8435,12.77127,294.1934,66.66045,270,270,0
0.8927889,301.9823,282.4915,43.15641,12.77126,65.80667,293.3396,270,90.00001,0,301.9822,77.50851,316.8435,12.77127,294.1933,66.66043,270,270,0
0.8992469,301.9823,282.4915,43.15641,12.77126,65.80667,293.3396,270,90.00001,0,301.9822,77.50855,316.8435,12.77125,294.1934,66.66043,270,270,0
0.9061473,301.9823,282.4915,43.15641,12.77126,65.80667,293.3396,270,90.00001,0,301.9822,77.5085,316.8435,12.77127,294.1934,66.66045,270,270,0
0.9132255,301.9823,282.4915,43.15641,12.77126,65.80667,293.3396,270,90.00001,0,301.9822,77.50851,316.8435,12.77127,294.1933,66.66043,270,270,0
0.9201324,301.9823,282.4915,43.15641,12.77126,65.80667,293.3396,270,90.00001,0,301.9822,77.50855,316.8435,12.77125,294.1934,66.66043,270,270,0
0.9263102,301.9823,282.4915,43.15641,12.77126,65.80667,293.3396,270,90.00001,0,301.9822,77.5085,316.8435,12.77127,294.1934,66.66045,270,270,0
0.9338933,301.9823,282.4915,43.15641,12.77126,65.80667,293.3396,270,90.00001,0,301.9822,77.50851,316.8435,12.77127,294.1933,66.66043,270,270,0
0.9405732,301.9823,282.4915,43.15641,12.77126,65.80667,293.3396,270,90.00001,0,301.9822,77.50855,316.8435,12.77125,294.1934,66.66043,270,270,0
0.9474719,301.9823,282.4915,43.15641,12.77126,65.80667,293.3396,270,90.00001,0,301.9822,77.5085,316.8435,12.77127,294.1934,66.66045,270,270,0
0.9549993,301.9823,282.4915,43.15641,12.77126,65.80667,293.3396,270,90.00001,0,301.9822,77.50851,316.8435,12.77127,294.1933,66.66043,270,270,0
0.9623687,301.9823,282.4915,43.15641,12.77126,65.80667,293.3396,270,90.00001,0,301.9822,77.50855,316.8435,12.77125,294.1934,66.66043,270,270,0
0.9690291,301.9823,282.4915,43.15641,12.77126,65.80667,293.3396,270,90.00001,0,301.9822,77.5085,316.8435,12.77127,294.1934,66.66045,270,270,0
0.9755735,301.9823,282.4915,43.15641,12.77126,65.80667,293.3396,270,90.00001,0,301.9822,77.50851,316.8435,12.77127,294.1933,66.66043,270,270,0
0.9830931,301.9823,282.4915,43.15641,12.77126,65.80667,293.3396,270,90.00001,0,301.9822,77.50855,316.8435,12.77125,294.1934,66.66043,270,270,0
0.9895838,301.9823,282.4915,43.15641,12.77126,65.80667,293.3396,270,90.00001,0,301.9822,77.5085,316.8435,12.77127,294.1934,66.66045,270,270,0
0.9961173,301.9823,282.4915,43.15641,12.77126,65.80667,293.3396,270,90.00001,0,301.9822,77.50851,316.8435,12.77127,294.1933,66.66043,270,270,0
1.002355,301.9823,282.4915,43.15641,12.77126,65.80667,293.3396,270,90.00001,0,301.9822,77.50855,316.8435,12.77125,294.1934,66.66043,270,270,0
1.009411,301.9823,282.4915,43.15641,12.77126,65.80667,293.3396,270,90.00001,0,301.9822,77.5085,316.8435,12.77127,294.1934,66.66045,270,270,0
1.016548,301.9823,282.4915,43.15641,12.77126,65.80667,293.3396,270,90.00001,0,301.9822,77.50851,316.8435,12.77127,294.1933,66.66043,270,270,0
1.022958,301.9823,282.4915,43.15641,12.77126,65.80667,293.3396,270,90.00001,0,301.9822,77.50855,316.8435,12.77125,294.1934,66.66043,270,270,0
1.026899,301.9823,282.4915,43.15641,12.77126,65.80667,293.3396,270,90.00001,0,301.9822,77.5085,316.8435,12.77127,294.1934,66.66045,270,270,0
1.033485,301.9823,282.4915,43.15641,12.77126,65.80667,293.3396,270,90.00001,0,301.9822,77.50851,316.8435,12.77127,294.1933,66.66043,270,270,0
1.040143,301.9823,282.4915,43.15641,12.77126,65.80667,293.3396,270,90.00001,0,301.9822,77.50855,316.8435,12.77125,294.1934,66.66043,270,270,0
1.044013,301.9823,282.4915,43.15641,12.77126,65.80667,293.3396,270,90.00001,0,301.9822,77.5085,316.8435,12.77127,294.1934,66.66045,270,270,0
1.04814,301.9823,282.4915,43.15641,12.77126,65.80667,293.3396,270,90.00001,0,301.9822,77.50851,316.8435,12.77127,294.1933,66.66043,270,270,0
1.055078,301.9823,282.4915,43.15641,12.77126,65.80667,293.3396,270,90.00001,0,301.9822,77.50855,316.8435,12.77125,294.1934,66.66043,270,270,0
1.061571,301.9823,282.4915,43.15641,12.77126,65.80667,293.3396,270,90.00001,0,301.9822,77.5085,316.8435,12.77127,294.1934,66.66045,270,270,0
1.068094,301.9823,282.4915,43.15641,12.77126,65.80667,293.3396,270,90.00001,0,301.9822,77.50851,316.8435,12.77127,294.1933,66.66043,270,270,0
1.0746,301.9823,282.4915,43.15641,12.77126,65.80667,293.3396,270,90.00001,0,301.9822,77.50855,316.8435,12.77125,294.1934,66.66043,270,270,0
1.081165,301.9823,282.4915,43.15641,12.77126,65.80667,293.3396,270,90.00001,0,301.9822,77.5085,316.8435,12.77127,294.1934,66.66045,270,270,0
1.088702,301.9823,282.4915,43.15641,12.77126,65.80667,293.3396,270,90.00001,0,301.9822,77.50851,316.8435,12.77127,294.1933,66.66043,270,270,0
1.095939,301.9823,282.4915,43.15641,12.77126,65.80667,293.3396,270,90.00001,0,301.9822,77.50855,316.8435,12.77125,294.1934,66.66043,270,270,0
1.102429,301.9823,282.4915,43.15641,12.77126,65.80667,293.3396,270,90.00001,0,301.9822,77.5085,316.8435,12.77127,294.1934,66.66045,270,270,0
1.108944,301.9823,282.4915,43.15641,12.77126,65.80667,293.3396,270,90.00001,0,301.9822,77.50851,316.8435,12.77127,294.1933,66.66043,270,270,0
1.116575,301.9823,282.4915,43.15641,12.77126,65.80667,293.3396,270,90.00001,0,301.9822,77.50855,316.8435,12.77125,294.1934,66.66043,270,270,0
1.123513,301.9823,282.4915,43.15641,12.77126,65.80667,293.3396,270,90.00001,0,301.9822,77.5085,316.8435,12.77127,294.1934,66.66045,270,270,0
1.130532,301.9823,282.4915,43.15641,12.77126,65.80667,293.3396,270,90.00001,0,301.9822,77.50851,316.8435,12.77127,294.1933,66.66043,270,270,0
1.137203,301.9823,282.4915,43.15641,12.77126,65.80667,293.3396,270,90.00001,0,301.9822,77.50855,316.8435,12.77125,294.1934,66.66043,270,270,0
1.144794,301.9823,282.4915,43.15641,12.77126,65.80667,293.3396,270,90.00001,0,301.9822,77.5085,316.8435,12.77127,294.1934,66.66045,270,270,0
1.151659,301.9823,282.4915,43.15641,12.77126,65.80667,293.3396,270,90.00001,0,301.9822,77.50851,316.8435,12.77127,294.1933,66.66043,270,270,0
1.158559,301.9823,282.4915,43.15641,12.77126,65.80667,293.3396,270,90.00001,0,301.9822,77.50855,316.8435,12.77125,294.1934,66.66043,270,270,0
1.165051,301.9823,282.4915,43.15641,12.77126,65.80667,293.3396,270,90.00001,0,301.9822,77.5085,316.8435,12.77127,294.1934,66.66045,270,270,0
1.172075,301.9823,282.4915,43.15641,12.77126,65.80667,293.3396,270,90.00001,0,301.9822,77.50851,316.8435,12.77127,294.1933,66.66043,270,270,0
1.17914,301.9823,282.4915,43.15641,12.77126,65.80667,293.3396,270,90.00001,0,301.9822,77.50855,316.8435,12.77125,294.1934,66.66043,270,270,0
1.186691,301.9823,282.4915,43.15641,12.77126,65.80667,293.3396,270,90.00001,0,301.9822,77.5085,316.8435,12.77127,294.1934,66.66045,270,270,0
1.190682,301.9823,282.4915,43.15641,12.77126,65.80667,293.3396,270,90.00001,0,301.9822,77.50851,316.8435,12.77127,294.1933,66.66043,270,270,0
1.198275,301.9823,282.4915,43.15641,12.77126,65.80667,293.3396,270,90.00001,0,301.9822,77.50855,316.8435,12.77125,294.1934,66.66043,270,270,0
1.205267,301.9823,282.4915,43.15641,12.77126,65.80667,293.3396,270,90.00001,0,301.9822,77.5085,316.8435,12.77127,294.1934,66.66045,270,270,0
1.209193,301.9823,282.4915,43.15641,12.77126,65.80667,293.3396,270,90.00001,0,301.9822,77.50851,316.8435,12.77127,294.1933,66.66043,270,270,0
1.21577,301.9823,282.4915,43.15641,12.77126,65.80667,293.3396,270,90.00001,0,301.9822,77.50855,316.8435,12.77125,294.1934,66.66043,270,270,0
1.222857,301.9823,282.4915,43.15641,12.77126,65.80667,293.3396,270,90.00001,0,301.9822,77.5085,316.8435,12.77127,294.1934,66.66045,270,270,0
1.229391,301.9823,282.4915,43.15641,12.77126,65.80667,293.3396,270,90.00001,0,301.9822,77.50851,316.8435,12.77127,294.1933,66.66043,270,270,0
1.236388,301.9823,282.4915,43.15641,12.77126,65.80667,293.3396,270,90.00001,0,301.9822,77.50855,316.8435,12.77125,294.1934,66.66043,270,270,0
1.242973,301.9823,282.4915,43.15641,12.77126,65.80667,293.3396,270,90.00001,0,301.9822,77.5085,316.8435,12.77127,294.1934,66.66045,270,270,0
1.250018,301.9823,282.4915,43.15641,12.77126,65.80667,293.3396,270,90.00001,0,301.9822,77.50851,316.8435,12.77127,294.1933,66.66043,270,270,0
1.257032,301.9823,282.4915,43.15641,12.77126,65.80667,293.3396,270,90.00001,0,301.9822,77.50855,316.8435,12.77125,294.1934,66.66043,270,270,0
1.264233,301.9823,282.4915,43.15641,12.77126,65.80667,293.3396,270,90.00001,0,301.9822,77.5085,316.8435,12.77127,294.1934,66.66045,270,270,0
1.271442,301.9823,282.4915,43.15641,12.77126,65.80667,293.3396,270,90.00001,0,301.9822,77.50851,316.8435,12.77127,294.1933,66.66043,270,270,0
1.275122,301.9823,282.4915,43.15641,12.77126,65.80667,293.3396,270,90.00001,0,301.9822,77.50855,316.8435,12.77125,294.1934,66.66043,270,270,0
1.281533,301.9823,282.4915,43.15641,12.77126,65.80667,293.3396,270,90.00001,0,301.9822,77.5085,316.8435,12.77127,294.1934,66.66045,270,270,0
1.288061,301.9823,282.4915,43.15641,12.77126,65.80667,293.3396,270,90.00001,0,301.9822,77.50851,316.8435,12.77127,294.1933,66.66043,270,270,0
1.295136,301.9823,282.4915,43.15641,12.77126,65.80667,293.3396,270,90.00001,0,301.9822,77.50855,316.8435,12.77125,294.1934,66.66043,270,270,0
1.302288,301.9823,282.4915,43.15641,12.77126,65.80667,293.3396,270,90.00001,0,301.9822,77.5085,316.8435,12.77127,294.1934,66.66045,270,270,0
1.308838,301.9823,282.4915,43.15641,12.77126,65.80667,293.3396,270,90.00001,0,301.9822,77.50851,316.8435,12.77127,294.1933,66.66043,270,270,0
1.315356,301.9823,282.4915,43.15641,12.77126,65.80667,293.3396,270,90.00001,0,301.9822,77.50855,316.8435,12.77125,294.1934,66.66043,270,270,0
1.322437,301.9823,282.4915,43.15641,12.77126,65.80667,293.3396,270,90.00001,0,301.9822,77.5085,316.8435,12.77127,294.1934,66.66045,270,270,0
1.330014,301.9823,282.4915,43.15641,12.77126,65.80667,293.3396,270,90.00001,0,301.9822,77.50851,316.8435,12.77127,294.1933,66.66043,270,270,0
1.337025,301.9823,282.4915,43.15641,12.77126,65.80667,293.3396,270,90.00001,0,301.9822,77.50855,316.8435,12.77125,294.1934,66.66043,270,270,0
1.344278,301.9823,282.4915,43.15641,12.77126,65.80667,293.3396,270,90.00001,0,301.9822,77.5085,316.8435,12.77127,294.1934,66.66045,270,270,0
1.351941,301.9823,282.4915,43.15641,12.77126,65.80667,293.3396,270,90.00001,0,301.9822,77.50851,316.8435,12.77127,294.1933,66.66043,270,270,0
1.358371,301.9823,282.4915,43.15641,12.77126,65.80667,293.3396,270,90.00001,0,301.9822,77.50855,316.8435,12.77125,294.1934,66.66043,270,270,0
1.365073,301.9823,282.4915,43.15641,12.77126,65.80667,293.3396,270,90.00001,0,301.9822,77.5085,316.8435,12.77127,294.1934,66.66045,270,270,0
1.372092,301.9823,282.4915,43.15641,12.77126,65.80667,293.3396,270,90.00001,0,301.9822,77.50851,316.8435,12.77127,294.1933,66.66043,270,270,0
1.376047,301.9823,282.4915,43.15641,12.77126,65.80667,293.3396,270,90.00001,0,301.9822,77.50855,316.8435,12.77125,294.1934,66.66043,270,270,0
1.383301,301.9823,282.4915,43.15641,12.77126,65.80667,293.3396,270,90.00001,0,301.9822,77.5085,316.8435,12.77127,294.1934,66.66045,270,270,0
1.387301,301.9823,282.4915,43.15641,12.77126,65.80667,293.3396,270,90.00001,0,301.9822,77.50851,316.8435,12.77127,294.1933,66.66043,270,270,0
1.395285,301.9823,282.4915,43.15641,12.77126,65.80667,293.3396,270,90.00001,0,301.9822,77.50855,316.8435,12.77125,294.1934,66.66043,270,270,0
1.402116,301.9823,282.4915,43.15641,12.77126,65.80667,293.3396,270,90.00001,0,301.9822,77.5085,316.8435,12.77127,294.1934,66.66045,270,270,0
1.409463,301.9823,282.4915,43.15641,12.77126,65.80667,293.3396,270,90.00001,0,301.9822,77.50851,316.8435,12.77127,294.1933,66.66043,270,270,0
1.416917,301.9823,282.4915,43.15641,12.77126,65.80667,293.3396,270,90.00001,0,301.9822,77.50855,316.8435,12.77125,294.1934,66.66043,270,270,0
1.424313,301.9823,282.4915,43.15641,12.77126,65.80667,293.3396,270,90.00001,0,301.9822,77.5085,316.8435,12.77127,294.1934,66.66045,270,270,0
1.428112,301.9823,282.4915,43.15641,12.77126,65.80667,293.3396,270,90.00001,0,301.9822,77.50851,316.8435,12.77127,294.1933,66.66043,270,270,0
1.434886,301.9823,282.4915,43.15641,12.77126,65.80667,293.3396,270,90.00001,0,301.9822,77.50855,316.8435,12.77125,294.1934,66.66043,270,270,0
1.441969,301.9823,282.4915,43.15641,12.77126,65.80667,293.3396,270,90.00001,0,301.9822,77.5085,316.8435,12.77127,294.1934,66.66045,270,270,0
1.448969,301.9823,282.4915,43.15641,12.77126,65.80667,293.3396,270,90.00001,0,301.9822,77.50851,316.8435,12.77127,294.1933,66.66043,270,270,0
1.455504,301.9823,282.4915,43.15641,12.77126,65.80667,293.3396,270,90.00001,0,301.9822,77.50855,316.8435,12.77125,294.1934,66.66043,270,270,0
1.462015,301.9823,282.4915,43.15641,12.77126,65.80667,293.3396,270,90.00001,0,301.9822,77.5085,316.8435,12.77127,294.1934,66.66045,270,270,0
1.465955,301.9823,282.4915,43.15641,12.77126,65.80667,293.3396,270,90.00001,0,301.9822,77.50851,316.8435,12.77127,294.1933,66.66043,270,270,0
1.472455,301.9823,282.4915,43.15641,12.77126,65.80667,293.3396,270,90.00001,0,301.9822,77.50855,316.8435,12.77125,294.1934,66.66043,270,270,0
1.479527,301.9823,282.4915,43.15641,12.77126,65.80667,293.3396,270,90.00001,0,301.9822,77.5085,316.8435,12.77127,294.1934,66.66045,270,270,0
1.487097,301.9823,282.4915,43.15641,12.77126,65.80667,293.3396,270,90.00001,0,301.9822,77.50851,316.8435,12.77127,294.1933,66.66043,270,270,0
1.491207,301.9823,282.4915,43.15641,12.77126,65.80667,293.3396,270,90.00001,0,301.9822,77.50855,316.8435,12.77125,294.1934,66.66043,270,270,0
1.495148,301.9823,282.4915,43.15641,12.77126,65.80667,293.3396,270,90.00001,0,301.9822,77.5085,316.8435,12.77127,294.1934,66.66045,270,270,0
1.502273,301.9823,282.4915,43.15641,12.77126,65.80667,293.3396,270,90.00001,0,301.9822,77.50851,316.8435,12.77127,294.1933,66.66043,270,270,0
1.509232,301.9823,282.4915,43.15641,12.77126,65.80667,293.3396,270,90.00001,0,301.9822,77.50855,316.8435,12.77125,294.1934,66.66043,270,270,0
1.51566,301.9823,282.4915,43.15641,12.77126,65.80667,293.3396,270,90.00001,0,301.9822,77.5085,316.8435,12.77127,294.1934,66.66045,270,270,0
1.522234,301.9823,282.4915,43.15641,12.77126,65.80667,293.3396,270,90.00001,0,301.9822,77.50851,316.8435,12.77127,294.1933,66.66043,270,270,0
1.529172,301.9823,282.4915,43.15641,12.77126,65.80667,293.3396,270,90.00001,0,301.9822,77.50855,316.8435,12.77125,294.1934,66.66043,270,270,0
1.536225,301.9823,282.4915,43.15641,12.77126,65.80667,293.3396,270,90.00001,0,301.9822,77.5085,316.8435,12.77127,294.1934,66.66045,270,270,0
1.543187,301.9823,282.4915,43.15641,12.77126,65.80667,293.3396,270,90.00001,0,301.9822,77.50851,316.8435,12.77127,294.1933,66.66043,270,270,0
1.550178,301.9823,282.4915,43.15641,12.77126,65.80667,293.3396,270,90.00001,0,301.9822,77.50855,316.8435,12.77125,294.1934,66.66043,270,270,0
1.557062,301.9823,282.4915,43.15641,12.77126,65.80667,293.3396,270,90.00001,0,301.9822,77.5085,316.8435,12.77127,294.1934,66.66045,270,270,0
1.563594,301.9823,282.4915,43.15641,12.77126,65.80667,293.3396,270,90.00001,0,301.9822,77.50851,316.8435,12.77127,294.1933,66.66043,270,270,0
1.570274,301.9823,282.4915,43.15641,12.77126,65.80667,293.3396,270,90.00001,0,301.9822,77.50855,316.8435,12.77125,294.1934,66.66043,270,270,0
1.577334,301.9823,282.4915,43.15641,12.77126,65.80667,293.3396,270,90.00001,0,301.9822,77.5085,316.8435,12.77127,294.1934,66.66045,270,270,0
1.584286,301.9823,282.4915,43.15641,12.77126,65.80667,293.3396,270,90.00001,0,301.9822,77.50851,316.8435,12.77127,294.1933,66.66043,270,270,0
1.591946,301.9823,282.4915,43.15641,12.77126,65.80667,293.3396,270,90.00001,0,301.9822,77.50855,316.8435,12.77125,294.1934,66.66043,270,270,0
1.598888,301.9823,282.4915,43.15641,12.77126,65.80667,293.3396,270,90.00001,0,301.9822,77.5085,316.8435,12.77127,294.1934,66.66045,270,270,0
1.605835,301.9823,282.4915,43.15641,12.77126,65.80667,293.3396,270,90.00001,0,301.9822,77.50851,316.8435,12.77127,294.1933,66.66043,270,270,0
1.612432,301.9823,282.4915,43.15641,12.77126,65.80667,293.3396,270,90.00001,0,301.9822,77.50855,316.8435,12.77125,294.1934,66.66043,270,270,0
1.61963,301.9823,282.4915,43.15641,12.77126,65.80667,293.3396,270,90.00001,0,301.9822,77.5085,316.8435,12.77127,294.1934,66.66045,270,270,0
1.626576,301.9823,282.4915,43.15641,12.77126,65.80667,293.3396,270,90.00001,0,301.9822,77.50851,316.8435,12.77127,294.1933,66.66043,270,270,0
1.633615,301.9823,282.4915,43.15641,12.77126,65.80667,293.3396,270,90.00001,0,301.9822,77.50855,316.8435,12.77125,294.1934,66.66043,270,270,0
1.640408,301.9823,282.4915,43.15641,12.77126,65.80667,293.3396,270,90.00001,0,301.9822,77.5085,316.8435,12.77127,294.1934,66.66045,270,270,0
1.64794,301.9823,282.4915,43.15641,12.77126,65.80667,293.3396,270,90.00001,0,301.9822,77.50851,316.8435,12.77127,294.1933,66.66043,270,270,0
1.654987,301.9823,282.4915,43.15641,12.77126,65.80667,293.3396,270,90.00001,0,301.9822,77.50855,316.8435,12.77125,294.1934,66.66043,270,270,0
1.661856,301.9823,282.4915,43.15641,12.77126,65.80667,293.3396,270,90.00001,0,301.9822,77.5085,316.8435,12.77127,294.1934,66.66045,270,270,0
1.668386,301.9823,282.4915,43.15641,12.77126,65.80667,293.3396,270,90.00001,0,301.9822,77.50851,316.8435,12.77127,294.1933,66.66043,270,270,0
1.67542,301.9823,282.4915,43.15641,12.77126,65.80667,293.3396,270,90.00001,0,301.9822,77.50855,316.8435,12.77125,294.1934,66.66043,270,270,0
1.681927,301.9823,282.4915,43.15641,12.77126,65.80667,293.3396,270,90.00001,0,301.9822,77.5085,316.8435,12.77127,294.1934,66.66045,270,270,0
1.68849,301.9823,282.4915,43.15641,12.77126,65.80667,293.3396,270,90.00001,0,301.9822,77.50851,316.8435,12.77127,294.1933,66.66043,270,270,0
1.695725,301.9823,282.4915,43.15641,12.77126,65.80667,293.3396,270,90.00001,0,301.9822,77.50855,316.8435,12.77125,294.1934,66.66043,270,270,0
1.703043,301.9823,282.4915,43.15641,12.77126,65.80667,293.3396,270,90.00001,0,301.9822,77.5085,316.8435,12.77127,294.1934,66.66045,270,270,0
1.709549,301.9823,282.4915,43.15641,12.77126,65.80667,293.3396,270,90.00001,0,301.9822,77.50851,316.8435,12.77127,294.1933,66.66043,270,270,0
1.716578,301.9823,282.4915,43.15641,12.77126,65.80667,293.3396,270,90.00001,0,301.9822,77.50855,316.8435,12.77125,294.1934,66.66043,270,270,0
1.722694,301.9823,282.4915,43.15641,12.77126,65.80667,293.3396,270,90.00001,0,301.9822,77.5085,316.8435,12.77127,294.1934,66.66045,270,270,0
1.730449,301.9823,282.4915,43.15641,12.77126,65.80667,293.3396,270,90.00001,0,301.9822,77.50851,316.8435,12.77127,294.1933,66.66043,270,270,0
1.736906,301.9823,282.4915,43.15641,12.77126,65.80667,293.3396,270,90.00001,0,301.9822,77.50855,316.8435,12.77125,294.1934,66.66043,270,270,0
1.744592,301.9823,282.4915,43.15641,12.77126,65.80667,293.3396,270,90.00001,0,301.9822,77.5085,316.8435,12.77127,294.1934,66.66045,270,270,0
1.751427,301.9823,282.4915,43.15641,12.77126,65.80667,293.3396,270,90.00001,0,301.9822,77.50851,316.8435,12.77127,294.1933,66.66043,270,270,0
1.758483,301.9823,282.4915,43.15641,12.77126,65.80667,293.3396,270,90.00001,0,301.9822,77.50855,316.8435,12.77125,294.1934,66.66043,270,270,0
1.764994,301.9823,282.4915,43.15641,12.77126,65.80667,293.3396,270,90.00001,0,301.9822,77.5085,316.8435,12.77127,294.1934,66.66045,270,270,0
1.77139,301.9823,282.4915,43.15641,12.77126,65.80667,293.3396,270,90.00001,0,301.9822,77.50851,316.8435,12.77127,294.1933,66.66043,270,270,0
1.777961,301.9823,282.4915,43.15641,12.77126,65.80667,293.3396,270,90.00001,0,301.9822,77.50855,316.8435,12.77125,294.1934,66.66043,270,270,0
1.784306,301.9823,282.4915,43.15641,12.77126,65.80667,293.3396,270,90.00001,0,301.9822,77.5085,316.8435,12.77127,294.1934,66.66045,270,270,0
1.79152,301.9823,282.4915,43.15641,12.77126,65.80667,293.3396,270,90.00001,0,301.9822,77.50851,316.8435,12.77127,294.1933,66.66043,270,270,0
1.798374,301.9823,282.4915,43.15641,12.77126,65.80667,293.3396,270,90.00001,0,301.9822,77.50855,316.8435,12.77125,294.1934,66.66043,270,270,0
1.804943,301.9823,282.4915,43.15641,12.77126,65.80667,293.3396,270,90.00001,0,301.9822,77.5085,316.8435,12.77127,294.1934,66.66045,270,270,0
1.812628,301.9823,282.4915,43.15641,12.77126,65.80667,293.3396,270,90.00001,0,301.9822,77.50851,316.8435,12.77127,294.1933,66.66043,270,270,0
1.819839,301.9823,282.4915,43.15641,12.77126,65.80667,293.3396,270,90.00001,0,301.9822,77.50855,316.8435,12.77125,294.1934,66.66043,270,270,0
1.827015,301.9823,282.4915,43.15641,12.77126,65.80667,293.3396,270,90.00001,0,301.9822,77.5085,316.8435,12.77127,294.1934,66.66045,270,270,0
1.833869,301.9823,282.4915,43.15641,12.77126,65.80667,293.3396,270,90.00001,0,301.9822,77.50851,316.8435,12.77127,294.1933,66.66043,270,270,0
1.840806,301.9823,282.4915,43.15641,12.77126,65.80667,293.3396,270,90.00001,0,301.9822,77.50855,316.8435,12.77125,294.1934,66.66043,270,270,0
1.848012,301.9823,282.4915,43.15641,12.77126,65.80667,293.3396,270,90.00001,0,301.9822,77.5085,316.8435,12.77127,294.1934,66.66045,270,270,0
1.854985,301.9823,282.4915,43.15641,12.77126,65.80667,293.3396,270,90.00001,0,301.9822,77.50851,316.8435,12.77127,294.1933,66.66043,270,270,0
1.861477,301.9823,282.4915,43.15641,12.77126,65.80667,293.3396,270,90.00001,0,301.9822,77.50855,316.8435,12.77125,294.1934,66.66043,270,270,0
1.868625,301.9823,282.4915,43.15641,12.77126,65.80667,293.3396,270,90.00001,0,301.9822,77.5085,316.8435,12.77127,294.1934,66.66045,270,270,0
1.875411,301.9823,282.4915,43.15641,12.77126,65.80667,293.3396,270,90.00001,0,301.9822,77.50851,316.8435,12.77127,294.1933,66.66043,270,270,0
1.88235,301.9823,282.4915,43.15641,12.77126,65.80667,293.3396,270,90.00001,0,301.9822,77.50855,316.8435,12.77125,294.1934,66.66043,270,270,0
1.889206,301.9823,282.4915,43.15641,12.77126,65.80667,293.3396,270,90.00001,0,301.9822,77.5085,316.8435,12.77127,294.1934,66.66045,270,270,0
1.896646,301.9823,282.4915,43.15641,12.77126,65.80667,293.3396,270,90.00001,0,301.9822,77.50851,316.8435,12.77127,294.1933,66.66043,270,270,0
1.903749,301.9823,282.4915,43.15641,12.77126,65.80667,293.3396,270,90.00001,0,301.9822,77.50855,316.8435,12.77125,294.1934,66.66043,270,270,0
1.910983,301.9823,282.4915,43.15641,12.77126,65.80667,293.3396,270,90.00001,0,301.9822,77.5085,316.8435,12.77127,294.1934,66.66045,270,270,0
1.917934,301.9823,282.4915,43.15641,12.77126,65.80667,293.3396,270,90.00001,0,301.9822,77.50851,316.8435,12.77127,294.1933,66.66043,270,270,0
1.924988,301.9823,282.4915,43.15641,12.77126,65.80667,293.3396,270,90.00001,0,301.9822,77.50855,316.8435,12.77125,294.1934,66.66043,270,270,0
1.931591,301.9823,282.4915,43.15641,12.77126,65.80667,293.3396,270,90.00001,0,301.9822,77.5085,316.8435,12.77127,294.1934,66.66045,270,270,0
1.938092,301.9823,282.4915,43.15641,12.77126,65.80667,293.3396,270,90.00001,0,301.9822,77.50851,316.8435,12.77127,294.1933,66.66043,270,270,0
1.944605,301.9823,282.4915,43.15641,12.77126,65.80667,293.3396,270,90.00001,0,301.9822,77.50855,316.8435,12.77125,294.1934,66.66043,270,270,0
1.951761,301.9823,282.4915,43.15641,12.77126,65.80667,293.3396,270,90.00001,0,301.9822,77.5085,316.8435,12.77127,294.1934,66.66045,270,270,0
1.95871,301.9823,282.4915,43.15641,12.77126,65.80667,293.3396,270,90.00001,0,301.9822,77.50851,316.8435,12.77127,294.1933,66.66043,270,270,0
1.96574,301.9823,282.4915,43.15641,12.77126,65.80667,293.3396,270,90.00001,0,301.9822,77.50855,316.8435,12.77125,294.1934,66.66043,270,270,0
1.973114,301.9823,282.4915,43.15641,12.77126,65.80667,293.3396,270,90.00001,0,301.9822,77.5085,316.8435,12.77127,294.1934,66.66045,270,270,0
1.97994,301.9823,282.4915,43.15641,12.77126,65.80667,293.3396,270,90.00001,0,301.9822,77.50851,316.8435,12.77127,294.1933,66.66043,270,270,0
1.986639,301.9823,282.4915,43.15641,12.77126,65.80667,293.3396,270,90.00001,0,301.9822,77.50855,316.8435,12.77125,294.1934,66.66043,270,270,0
1.993951,301.9823,282.4915,43.15641,12.77126,65.80667,293.3396,270,90.00001,0,301.9822,77.5085,316.8435,12.77127,294.1934,66.66045,270,270,0
2.000469,301.9823,282.4915,43.15641,12.77126,65.80667,293.3396,270,90.00001,0,301.9822,77.50851,316.8435,12.77127,294.1933,66.66043,270,270,0
2.007419,301.9823,282.4915,43.15641,12.77126,65.80667,293.3396,270,90.00001,0,301.9822,77.50855,316.8435,12.77125,294.1934,66.66043,270,270,0
2.014514,301.9823,282.4915,43.15641,12.77126,65.80667,293.3396,270,90.00001,0,301.9822,77.5085,316.8435,12.77127,294.1934,66.66045,270,270,0
2.020924,301.9823,282.4915,43.15641,12.77126,65.80667,293.3396,270,90.00001,0,301.9822,77.50851,316.8435,12.77127,294.1933,66.66043,270,270,0
2.027555,301.9823,282.4915,43.15641,12.77126,65.80667,293.3396,270,90.00001,0,301.9822,77.50855,316.8435,12.77125,294.1934,66.66043,270,270,0
2.034895,301.9823,282.4915,43.15641,12.77126,65.80667,293.3396,270,90.00001,0,301.9822,77.5085,316.8435,12.77127,294.1934,66.66045,270,270,0
2.042156,301.9823,282.4915,43.15641,12.77126,65.80667,293.3396,270,90.00001,0,301.9822,77.50851,316.8435,12.77127,294.1933,66.66043,270,270,0
2.049093,301.9823,282.4915,43.15641,12.77126,65.80667,293.3396,270,90.00001,0,301.9822,77.50855,316.8435,12.77125,294.1934,66.66043,270,270,0
2.056329,301.9823,282.4915,43.15641,12.77126,65.80667,293.3396,270,90.00001,0,301.9822,77.5085,316.8435,12.77127,294.1934,66.66045,270,270,0
2.064261,301.9823,282.4915,43.15641,12.77126,65.80667,293.3396,270,90.00001,0,301.9822,77.50851,316.8435,12.77127,294.1933,66.66043,270,270,0
2.068173,301.9823,282.4915,43.15641,12.77126,65.80667,293.3396,270,90.00001,0,301.9822,77.50855,316.8435,12.77125,294.1934,66.66043,270,270,0
2.075186,301.9823,282.4915,43.15641,12.77126,65.80667,293.3396,270,90.00001,0,301.9822,77.5085,316.8435,12.77127,294.1934,66.66045,270,270,0
2.082449,301.9823,282.4915,43.15641,12.77126,65.80667,293.3396,270,90.00001,0,301.9822,77.50851,316.8435,12.77127,294.1933,66.66043,270,270,0
2.089551,301.9823,282.4915,43.15641,12.77126,65.80667,293.3396,270,90.00001,0,301.9822,77.50855,316.8435,12.77125,294.1934,66.66043,270,270,0
2.097069,301.9823,282.4915,43.15641,12.77126,65.80667,293.3396,270,90.00001,0,301.9822,77.5085,316.8435,12.77127,294.1934,66.66045,270,270,0
2.100997,301.9823,282.4915,43.15641,12.77126,65.80667,293.3396,270,90.00001,0,301.9822,77.50851,316.8435,12.77127,294.1933,66.66043,270,270,0
2.108307,301.9823,282.4915,43.15641,12.77126,65.80667,293.3396,270,90.00001,0,301.9822,77.50855,316.8435,12.77125,294.1934,66.66043,270,270,0
2.115038,301.9823,282.4915,43.15641,12.77126,65.80667,293.3396,270,90.00001,0,301.9822,77.5085,316.8435,12.77127,294.1934,66.66045,270,270,0
2.122021,301.9823,282.4915,43.15641,12.77126,65.80667,293.3396,270,90.00001,0,301.9822,77.50851,316.8435,12.77127,294.1933,66.66043,270,270,0
2.128577,301.9823,282.4915,43.15641,12.77126,65.80667,293.3396,270,90.00001,0,301.9822,77.50855,316.8435,12.77125,294.1934,66.66043,270,270,0
2.136161,301.9823,282.4915,43.15641,12.77126,65.80667,293.3396,270,90.00001,0,301.9822,77.5085,316.8435,12.77127,294.1934,66.66045,270,270,0
2.143177,301.9823,282.4915,43.15641,12.77126,65.80667,293.3396,270,90.00001,0,301.9822,77.50851,316.8435,12.77127,294.1933,66.66043,270,270,0
2.147113,301.9823,282.4915,43.15641,12.77126,65.80667,293.3396,270,90.00001,0,301.9822,77.50855,316.8435,12.77125,294.1934,66.66043,270,270,0
2.154407,301.9823,282.4915,43.15641,12.77126,65.80667,293.3396,270,90.00001,0,301.9822,77.5085,316.8435,12.77127,294.1934,66.66045,270,270,0
2.161298,301.9823,282.4915,43.15641,12.77126,65.80667,293.3396,270,90.00001,0,301.9822,77.50851,316.8435,12.77127,294.1933,66.66043,270,270,0
2.168313,301.9823,282.4915,43.15641,12.77126,65.80667,293.3396,270,90.00001,0,301.9822,77.50855,316.8435,12.77125,294.1934,66.66043,270,270,0
2.175789,301.9823,282.4915,43.15641,12.77126,65.80667,293.3396,270,90.00001,0,301.9822,77.5085,316.8435,12.77127,294.1934,66.66045,270,270,0
2.182836,301.9823,282.4915,43.15641,12.77126,65.80667,293.3396,270,90.00001,0,301.9822,77.50851,316.8435,12.77127,294.1933,66.66043,270,270,0
2.190162,301.9823,282.4915,43.15641,12.77126,65.80667,293.3396,270,90.00001,0,301.9822,77.50855,316.8435,12.77125,294.1934,66.66043,270,270,0
2.19717,301.9823,282.4915,43.15641,12.77126,65.80667,293.3396,270,90.00001,0,301.9822,77.5085,316.8435,12.77127,294.1934,66.66045,270,270,0
2.204113,301.9823,282.4915,43.15641,12.77126,65.80667,293.3396,270,90.00001,0,301.9822,77.50851,316.8435,12.77127,294.1933,66.66043,270,270,0
2.211264,301.9823,282.4915,43.15641,12.77126,65.80667,293.3396,270,90.00001,0,301.9822,77.50855,316.8435,12.77125,294.1934,66.66043,270,270,0
2.218326,301.9823,282.4915,43.15641,12.77126,65.80667,293.3396,270,90.00001,0,301.9822,77.5085,316.8435,12.77127,294.1934,66.66045,270,270,0
2.225211,301.9823,282.4915,43.15641,12.77126,65.80667,293.3396,270,90.00001,0,301.9822,77.50851,316.8435,12.77127,294.1933,66.66043,270,270,0
2.232157,301.9823,282.4915,43.15641,12.77126,65.80667,293.3396,270,90.00001,0,301.9822,77.50855,316.8435,12.77125,294.1934,66.66043,270,270,0
2.238403,301.9823,282.4915,43.15641,12.77126,65.80667,293.3396,270,90.00001,0,301.9822,77.5085,316.8435,12.77127,294.1934,66.66045,270,270,0
2.244812,301.9823,282.4915,43.15641,12.77126,65.80667,293.3396,270,90.00001,0,301.9822,77.50851,316.8435,12.77127,294.1933,66.66043,270,270,0
2.251816,301.9823,282.4915,43.15641,12.77126,65.80667,293.3396,270,90.00001,0,301.9822,77.50855,316.8435,12.77125,294.1934,66.66043,270,270,0
2.258435,301.9823,282.4915,43.15641,12.77126,65.80667,293.3396,270,90.00001,0,301.9822,77.5085,316.8435,12.77127,294.1934,66.66045,270,270,0
2.265351,301.9823,282.4915,43.15641,12.77126,65.80667,293.3396,270,90.00001,0,301.9822,77.50851,316.8435,12.77127,294.1933,66.66043,270,270,0
2.272476,301.9823,282.4915,43.15641,12.77126,65.80667,293.3396,270,90.00001,0,301.9822,77.50855,316.8435,12.77125,294.1934,66.66043,270,270,0
2.279114,301.9823,282.4915,43.15641,12.77126,65.80667,293.3396,270,90.00001,0,301.9822,77.5085,316.8435,12.77127,294.1934,66.66045,270,270,0
2.286165,301.9823,282.4915,43.15641,12.77126,65.80667,293.3396,270,90.00001,0,301.9822,77.50851,316.8435,12.77127,294.1933,66.66043,270,270,0
2.293111,301.9823,282.4915,43.15641,12.77126,65.80667,293.3396,270,90.00001,0,301.9822,77.50855,316.8435,12.77125,294.1934,66.66043,270,270,0
2.300108,301.9823,282.4915,43.15641,12.77126,65.80667,293.3396,270,90.00001,0,301.9822,77.5085,316.8435,12.77127,294.1934,66.66045,270,270,0
2.307688,301.9823,282.4915,43.15641,12.77126,65.80667,293.3396,270,90.00001,0,301.9822,77.50851,316.8435,12.77127,294.1933,66.66043,270,270,0
2.31181,301.9823,282.4915,43.15641,12.77126,65.80667,293.3396,270,90.00001,0,301.9822,77.50855,316.8435,12.77125,294.1934,66.66043,270,270,0
2.319206,301.9823,282.4915,43.15641,12.77126,65.80667,293.3396,270,90.00001,0,301.9822,77.5085,316.8435,12.77127,294.1934,66.66045,270,270,0
2.325756,301.9823,282.4915,43.15641,12.77126,65.80667,293.3396,270,90.00001,0,301.9822,77.50851,316.8435,12.77127,294.1933,66.66043,270,270,0
2.332468,301.9823,282.4915,43.15641,12.77126,65.80667,293.3396,270,90.00001,0,301.9822,77.50855,316.8435,12.77125,294.1934,66.66043,270,270,0
2.339773,301.9823,282.4915,43.15641,12.77126,65.80667,293.3396,270,90.00001,0,301.9822,77.5085,316.8435,12.77127,294.1934,66.66045,270,270,0
2.347737,301.9823,282.4915,43.15641,12.77126,65.80667,293.3396,270,90.00001,0,301.9822,77.50851,316.8435,12.77127,294.1933,66.66043,270,270,0
2.351526,301.9823,282.4915,43.15641,12.77126,65.80667,293.3396,270,90.00001,0,301.9822,77.50855,316.8435,12.77125,294.1934,66.66043,270,270,0
2.359456,301.9823,282.4915,43.15641,12.77126,65.80667,293.3396,270,90.00001,0,301.9822,77.5085,316.8435,12.77127,294.1934,66.66045,270,270,0
2.366022,301.9823,282.4915,43.15641,12.77126,65.80667,293.3396,270,90.00001,0,301.9822,77.50851,316.8435,12.77127,294.1933,66.66043,270,270,0
2.373001,301.9823,282.4915,43.15641,12.77126,65.80667,293.3396,270,90.00001,0,301.9822,77.50855,316.8435,12.77125,294.1934,66.66043,270,270,0
2.380373,301.9823,282.4915,43.15641,12.77126,65.80667,293.3396,270,90.00001,0,301.9822,77.5085,316.8435,12.77127,294.1934,66.66045,270,270,0
2.386909,301.9823,282.4915,43.15641,12.77126,65.80667,293.3396,270,90.00001,0,301.9822,77.50851,316.8435,12.77127,294.1933,66.66043,270,270,0
2.394056,301.9823,282.4915,43.15641,12.77126,65.80667,293.3396,270,90.00001,0,301.9822,77.50855,316.8435,12.77125,294.1934,66.66043,270,270,0
2.400557,301.9823,282.4915,43.15641,12.77126,65.80667,293.3396,270,90.00001,0,301.9822,77.5085,316.8435,12.77127,294.1934,66.66045,270,270,0
2.407519,301.9823,282.4915,43.15641,12.77126,65.80667,293.3396,270,90.00001,0,301.9822,77.50851,316.8435,12.77127,294.1933,66.66043,270,270,0
2.415195,301.9823,282.4915,43.15641,12.77126,65.80667,293.3396,270,90.00001,0,301.9822,77.50855,316.8435,12.77125,294.1934,66.66043,270,270,0
2.422699,301.9823,282.4915,43.15641,12.77126,65.80667,293.3396,270,90.00001,0,301.9822,77.5085,316.8435,12.77127,294.1934,66.66045,270,270,0
2.429555,301.9823,282.4915,43.15641,12.77126,65.80667,293.3396,270,90.00001,0,301.9822,77.50851,316.8435,12.77127,294.1933,66.66043,270,270,0
2.437127,301.9823,282.4915,43.15641,12.77126,65.80667,293.3396,270,90.00001,0,301.9822,77.50855,316.8435,12.77125,294.1934,66.66043,270,270,0
2.443668,301.9823,282.4915,43.15641,12.77126,65.80667,293.3396,270,90.00001,0,301.9822,77.5085,316.8435,12.77127,294.1934,66.66045,270,270,0
2.45104,301.9823,282.4915,43.15641,12.77126,65.80667,293.3396,270,90.00001,0,301.9822,77.50851,316.8435,12.77127,294.1933,66.66043,270,270,0
2.45819,301.9823,282.4915,43.15641,12.77126,65.80667,293.3396,270,90.00001,0,301.9822,77.50855,316.8435,12.77125,294.1934,66.66043,270,270,0
2.465147,301.9823,282.4915,43.15641,12.77126,65.80667,293.3396,270,90.00001,0,301.9822,77.5085,316.8435,12.77127,294.1934,66.66045,270,270,0
2.471755,301.9823,282.4915,43.15641,12.77126,65.80667,293.3396,270,90.00001,0,301.9822,77.50851,316.8435,12.77127,294.1933,66.66043,270,270,0
2.478918,301.9823,282.4915,43.15641,12.77126,65.80667,293.3396,270,90.00001,0,301.9822,77.50855,316.8435,12.77125,294.1934,66.66043,270,270,0
2.48583,301.9823,282.4915,43.15641,12.77126,65.80667,293.3396,270,90.00001,0,301.9822,77.5085,316.8435,12.77127,294.1934,66.66045,270,270,0
2.492848,301.9823,282.4915,43.15641,12.77126,65.80667,293.3396,270,90.00001,0,301.9822,77.50851,316.8435,12.77127,294.1933,66.66043,270,270,0
2.499738,301.9823,282.4915,43.15641,12.77126,65.80667,293.3396,270,90.00001,0,301.9822,77.50855,316.8435,12.77125,294.1934,66.66043,270,270,0
2.506924,301.9823,282.4915,43.15641,12.77126,65.80667,293.3396,270,90.00001,0,301.9822,77.5085,316.8435,12.77127,294.1934,66.66045,270,270,0
2.514073,301.9823,282.4915,43.15641,12.77126,65.80667,293.3396,270,90.00001,0,301.9822,77.50851,316.8435,12.77127,294.1933,66.66043,270,270,0
2.521553,301.9823,282.4915,43.15641,12.77126,65.80667,293.3396,270,90.00001,0,301.9822,77.50855,316.8435,12.77125,294.1934,66.66043,270,270,0
2.528089,301.9823,282.4915,43.15641,12.77126,65.80667,293.3396,270,90.00001,0,301.9822,77.5085,316.8435,12.77127,294.1934,66.66045,270,270,0
2.535192,301.9823,282.4915,43.15641,12.77126,65.80667,293.3396,270,90.00001,0,301.9822,77.50851,316.8435,12.77127,294.1933,66.66043,270,270,0
2.542161,301.9823,282.4915,43.15641,12.77126,65.80667,293.3396,270,90.00001,0,301.9822,77.50855,316.8435,12.77125,294.1934,66.66043,270,270,0
2.54918,301.9823,282.4915,43.15641,12.77126,65.80667,293.3396,270,90.00001,0,301.9822,77.5085,316.8435,12.77127,294.1934,66.66045,270,270,0
2.555778,301.9823,282.4915,43.15641,12.77126,65.80667,293.3396,270,90.00001,0,301.9822,77.50851,316.8435,12.77127,294.1933,66.66043,270,270,0
2.563199,301.9823,282.4915,43.15641,12.77126,65.80667,293.3396,270,90.00001,0,301.9822,77.50855,316.8435,12.77125,294.1934,66.66043,270,270,0
2.570274,301.9823,282.4915,43.15641,12.77126,65.80667,293.3396,270,90.00001,0,301.9822,77.5085,316.8435,12.77127,294.1934,66.66045,270,270,0
2.577291,301.9823,282.4915,43.15641,12.77126,65.80667,293.3396,270,90.00001,0,301.9822,77.50851,316.8435,12.77127,294.1933,66.66043,270,270,0
2.5842,301.9823,282.4915,43.15641,12.77126,65.80667,293.3396,270,90.00001,0,301.9822,77.50855,316.8435,12.77125,294.1934,66.66043,270,270,0
2.590718,301.9823,282.4915,43.15641,12.77126,65.80667,293.3396,270,90.00001,0,301.9822,77.5085,316.8435,12.77127,294.1934,66.66045,270,270,0
2.597927,301.9823,282.4915,43.15641,12.77126,65.80667,293.3396,270,90.00001,0,301.9822,77.50851,316.8435,12.77127,294.1933,66.66043,270,270,0
2.604507,301.9823,282.4915,43.15641,12.77126,65.80667,293.3396,270,90.00001,0,301.9822,77.50855,316.8435,12.77125,294.1934,66.66043,270,270,0
2.611438,301.9823,282.4915,43.15641,12.77126,65.80667,293.3396,270,90.00001,0,301.9822,77.5085,316.8435,12.77127,294.1934,66.66045,270,270,0
2.618346,301.9823,282.4915,43.15641,12.77126,65.80667,293.3396,270,90.00001,0,301.9822,77.50851,316.8435,12.77127,294.1933,66.66043,270,270,0
2.624914,301.9823,282.4915,43.15641,12.77126,65.80667,293.3396,270,90.00001,0,301.9822,77.50855,316.8435,12.77125,294.1934,66.66043,270,270,0
2.631471,301.9823,282.4915,43.15641,12.77126,65.80667,293.3396,270,90.00001,0,301.9822,77.5085,316.8435,12.77127,294.1934,66.66045,270,270,0
2.638874,301.9823,282.4915,43.15641,12.77126,65.80667,293.3396,270,90.00001,0,301.9822,77.50851,316.8435,12.77127,294.1933,66.66043,270,270,0
2.645463,301.9823,282.4915,43.15641,12.77126,65.80667,293.3396,270,90.00001,0,301.9822,77.50855,316.8435,12.77125,294.1934,66.66043,270,270,0
2.653123,301.9823,282.4915,43.15641,12.77126,65.80667,293.3396,270,90.00001,0,301.9822,77.5085,316.8435,12.77127,294.1934,66.66045,270,270,0
2.659563,301.9823,282.4915,43.15641,12.77126,65.80667,293.3396,270,90.00001,0,301.9822,77.50851,316.8435,12.77127,294.1933,66.66043,270,270,0
2.666568,301.9823,282.4915,43.15641,12.77126,65.80667,293.3396,270,90.00001,0,301.9822,77.50855,316.8435,12.77125,294.1934,66.66043,270,270,0
2.67296,301.9823,282.4915,43.15641,12.77126,65.80667,293.3396,270,90.00001,0,301.9822,77.5085,316.8435,12.77127,294.1934,66.66045,270,270,0
2.683812,301.9823,282.4915,43.15641,12.77126,65.80667,293.3396,270,90.00001,0,301.9822,77.50851,316.8435,12.77127,294.1933,66.66043,270,270,0
2.691303,301.9823,282.4915,43.15641,12.77126,65.80667,293.3396,270,90.00001,0,301.9822,77.50855,316.8435,12.77125,294.1934,66.66043,270,270,0
2.698801,301.9823,282.4915,43.15641,12.77126,65.80667,293.3396,270,90.00001,0,301.9822,77.5085,316.8435,12.77127,294.1934,66.66045,270,270,0
2.705869,301.9823,282.4915,43.15641,12.77126,65.80667,293.3396,270,90.00001,0,301.9822,77.50851,316.8435,12.77127,294.1933,66.66043,270,270,0
2.713126,301.9823,282.4915,43.15641,12.77126,65.80667,293.3396,270,90.00001,0,301.9822,77.50855,316.8435,12.77125,294.1934,66.66043,270,270,0
2.717036,301.9823,282.4915,43.15641,12.77126,65.80667,293.3396,270,90.00001,0,301.9822,77.5085,316.8435,12.77127,294.1934,66.66045,270,270,0
2.723435,301.9823,282.4915,43.15641,12.77126,65.80667,293.3396,270,90.00001,0,301.9822,77.50851,316.8435,12.77127,294.1933,66.66043,270,270,0
2.731091,301.9823,282.4915,43.15641,12.77126,65.80667,293.3396,270,90.00001,0,301.9822,77.50855,316.8435,12.77125,294.1934,66.66043,270,270,0
2.735544,301.9823,282.4915,43.15641,12.77126,65.80667,293.3396,270,90.00001,0,301.9822,77.5085,316.8435,12.77127,294.1934,66.66045,270,270,0
2.742047,301.9823,282.4915,43.15641,12.77126,65.80667,293.3396,270,90.00001,0,301.9822,77.50851,316.8435,12.77127,294.1933,66.66043,270,270,0
2.748498,301.9823,282.4915,43.15641,12.77126,65.80667,293.3396,270,90.00001,0,301.9822,77.50855,316.8435,12.77125,294.1934,66.66043,270,270,0
2.755014,301.9823,282.4915,43.15641,12.77126,65.80667,293.3396,270,90.00001,0,301.9822,77.5085,316.8435,12.77127,294.1934,66.66045,270,270,0
2.761679,301.9823,282.4915,43.15641,12.77126,65.80667,293.3396,270,90.00001,0,301.9822,77.50851,316.8435,12.77127,294.1933,66.66043,270,270,0
2.768702,301.9823,282.4915,43.15641,12.77126,65.80667,293.3396,270,90.00001,0,301.9822,77.50855,316.8435,12.77125,294.1934,66.66043,270,270,0
2.772592,301.9823,282.4915,43.15641,12.77126,65.80667,293.3396,270,90.00001,0,301.9822,77.5085,316.8435,12.77127,294.1934,66.66045,270,270,0
2.779151,301.9823,282.4915,43.15641,12.77126,65.80667,293.3396,270,90.00001,0,301.9822,77.50851,316.8435,12.77127,294.1933,66.66043,270,270,0
2.786504,301.9823,282.4915,43.15641,12.77126,65.80667,293.3396,270,90.00001,0,301.9822,77.50855,316.8435,12.77125,294.1934,66.66043,270,270,0
2.793295,301.9823,282.4915,43.15641,12.77126,65.80667,293.3396,270,90.00001,0,301.9822,77.5085,316.8435,12.77127,294.1934,66.66045,270,270,0
2.799902,301.9823,282.4915,43.15641,12.77126,65.80667,293.3396,270,90.00001,0,301.9822,77.50851,316.8435,12.77127,294.1933,66.66043,270,270,0
2.80681,301.9823,282.4915,43.15641,12.77126,65.80667,293.3396,270,90.00001,0,301.9822,77.50855,316.8435,12.77125,294.1934,66.66043,270,270,0
2.81065,301.9823,282.4915,43.15641,12.77126,65.80667,293.3396,270,90.00001,0,301.9822,77.5085,316.8435,12.77127,294.1934,66.66045,270,270,0
2.8175,301.9823,282.4915,43.15641,12.77126,65.80667,293.3396,270,90.00001,0,301.9822,77.50851,316.8435,12.77127,294.1933,66.66043,270,270,0
2.824661,301.9823,282.4915,43.15641,12.77126,65.80667,293.3396,270,90.00001,0,301.9822,77.50855,316.8435,12.77125,294.1934,66.66043,270,270,0
2.831537,301.9823,282.4915,43.15641,12.77126,65.80667,293.3396,270,90.00001,0,301.9822,77.5085,316.8435,12.77127,294.1934,66.66045,270,270,0
2.838566,301.9823,282.4915,43.15641,12.77126,65.80667,293.3396,270,90.00001,0,301.9822,77.50851,316.8435,12.77127,294.1933,66.66043,270,270,0
2.845625,301.9823,282.4915,43.15641,12.77126,65.80667,293.3396,270,90.00001,0,301.9822,77.50855,316.8435,12.77125,294.1934,66.66043,270,270,0
2.849592,301.9823,282.4915,43.15641,12.77126,65.80667,293.3396,270,90.00001,0,301.9822,77.5085,316.8435,12.77127,294.1934,66.66045,270,270,0
2.856733,301.9823,282.4915,43.15641,12.77126,65.80667,293.3396,270,90.00001,0,301.9822,77.50851,316.8435,12.77127,294.1933,66.66043,270,270,0
2.863575,301.9823,282.4915,43.15641,12.77126,65.80667,293.3396,270,90.00001,0,301.9822,77.50855,316.8435,12.77125,294.1934,66.66043,270,270,0
2.870786,301.9823,282.4915,43.15641,12.77126,65.80667,293.3396,270,90.00001,0,301.9822,77.5085,316.8435,12.77127,294.1934,66.66045,270,270,0
2.877718,301.9823,282.4915,43.15641,12.77126,65.80667,293.3396,270,90.00001,0,301.9822,77.50851,316.8435,12.77127,294.1933,66.66043,270,270,0
2.885196,301.9823,282.4915,43.15641,12.77126,65.80667,293.3396,270,90.00001,0,301.9822,77.50855,316.8435,12.77125,294.1934,66.66043,270,270,0
2.892262,301.9823,282.4915,43.15641,12.77126,65.80667,293.3396,270,90.00001,0,301.9822,77.5085,316.8435,12.77127,294.1934,66.66045,270,270,0
2.899281,301.9823,282.4915,43.15641,12.77126,65.80667,293.3396,270,90.00001,0,301.9822,77.50851,316.8435,12.77127,294.1933,66.66043,270,270,0
2.906316,301.9823,282.4915,43.15641,12.77126,65.80667,293.3396,270,90.00001,0,301.9822,77.50855,316.8435,12.77125,294.1934,66.66043,270,270,0
2.913108,301.9823,282.4915,43.15641,12.77126,65.80667,293.3396,270,90.00001,0,301.9822,77.5085,316.8435,12.77127,294.1934,66.66045,270,270,0
